Day,Year,Month_x,PM2.5,TempAVG
1/1/2020,2020,1,,29.11666667
2/1/2020,2020,1,3.36,29.1
3/1/2020,2020,1,4.23,29.53333333
4/1/2020,2020,1,4.64,29.96956522
5/1/2020,2020,1,5.5,29.5625
6/1/2020,2020,1,5.91,29.71666667
7/1/2020,2020,1,6.14,29.9875
8/1/2020,2020,1,6.32,30.12916667
9/1/2020,2020,1,6.77,31.23333333
10/1/2020,2020,1,6.36,31.30416667
11/1/2020,2020,1,8.18,30.36666667
12/1/2020,2020,1,6.27,30.3625
13/1/2020,2020,1,5.45,29.57083333
14/1/2020,2020,1,5.27,29.59166667
15/1/2020,2020,1,5.09,29.62916667
16/1/2020,2020,1,5.55,29.79583333
17/1/2020,2020,1,5.77,30.16956522
18/1/2020,2020,1,6.5,30.03333333
19/1/2020,2020,1,7.36,30.25416667
20/1/2020,2020,1,7.23,30.22083333
21/1/2020,2020,1,7.41,30.10416667
22/1/2020,2020,1,6.68,30.6875
23/1/2020,2020,1,5.64,30.18333333
24/1/2020,2020,1,5.23,29.90416667
25/1/2020,2020,1,3.82,29.2125
26/1/2020,2020,1,3.14,29.85
27/1/2020,2020,1,2.82,29.39583333
28/1/2020,2020,1,3.68,28.57391304
29/1/2020,2020,1,4.59,29.4125
30/1/2020,2020,1,4.73,28.46666667
31/1/2020,2020,1,5,27.54090909
1/2/2020,2020,2,6.27,28.44166667
2/2/2020,2020,2,7.32,28.8625
3/2/2020,2020,2,7.36,28.6125
4/2/2020,2020,2,7.23,28.8375
5/2/2020,2020,2,6.59,29.2625
6/2/2020,2020,2,4.95,29.15416667
7/2/2020,2020,2,4.14,30.13333333
8/2/2020,2020,2,4.91,29.96666667
9/2/2020,2020,2,5.36,29.7875
10/2/2020,2020,2,6.27,29.65833333
11/2/2020,2020,2,6.27,31.44166667
12/2/2020,2020,2,7,29.97083333
13/2/2020,2020,2,5.73,30.0125
14/2/2020,2020,2,2.64,30.20869565
15/2/2020,2020,2,2.5,29.9125
16/2/2020,2020,2,3.41,30.21666667
17/2/2020,2020,2,2.64,30.28333333
18/2/2020,2020,2,3.32,29.65833333
19/2/2020,2020,2,5.36,29.40416667
20/2/2020,2020,2,6.77,30.15
21/2/2020,2020,2,7.59,29.56666667
22/2/2020,2020,2,7,29.74166667
23/2/2020,2020,2,6.82,29.55
24/2/2020,2020,2,6.86,29.94583333
25/2/2020,2020,2,7.55,29.89583333
26/2/2020,2020,2,7.45,30.475
27/2/2020,2020,2,6.59,29.72916667
28/2/2020,2020,2,6.36,29.84347826
29/2/2020,2020,2,4.73,29.59130435
1/3/2020,2020,3,4.36,30.19166667
2/3/2020,2020,3,4.14,30.15217391
3/3/2020,2020,3,4.14,30.43333333
4/3/2020,2020,3,3,30.56666667
5/3/2020,2020,3,2.55,30.57083333
6/3/2020,2020,3,2.86,30.71304348
7/3/2020,2020,3,2.77,30.23333333
8/3/2020,2020,3,2.86,31.40833333
9/3/2020,2020,3,3.41,31.8625
10/3/2020,2020,3,5.41,31.17916667
11/3/2020,2020,3,4.86,31.65217391
12/3/2020,2020,3,5.05,31.30416667
13/3/2020,2020,3,4.27,31.85833333
14/3/2020,2020,3,3.64,32.07272727
15/3/2020,2020,3,3.27,27.15833333
16/3/2020,2020,3,3.68,29
17/3/2020,2020,3,4.95,30.1875
18/3/2020,2020,3,3.59,30.52916667
19/3/2020,2020,3,3.82,30.67083333
20/3/2020,2020,3,3.41,30.35416667
21/3/2020,2020,3,3.41,30.82916667
22/3/2020,2020,3,3.59,30.90416667
23/3/2020,2020,3,3.14,31.225
24/3/2020,2020,3,2.95,30.9625
25/3/2020,2020,3,2.77,30.45
26/3/2020,2020,3,3.18,30.85
27/3/2020,2020,3,2.68,31.76521739
28/3/2020,2020,3,2.68,31.91363636
29/3/2020,2020,3,3.68,31.36666667
30/3/2020,2020,3,3.27,31.5625
31/3/2020,2020,3,-,32.02916667
1/4/2020,2020,4,-,31.775
2/4/2020,2020,4,3.32,31.8
3/4/2020,2020,4,2.82,31.60833333
4/4/2020,2020,4,2.45,32.45416667
5/4/2020,2020,4,2.82,31.5625
6/4/2020,2020,4,2.86,32
7/4/2020,2020,4,2.77,31.525
8/4/2020,2020,4,3.36,31.43333333
9/4/2020,2020,4,3.18,31.6
10/4/2020,2020,4,2.77,31.62083333
11/4/2020,2020,4,3.14,31.325
12/4/2020,2020,4,3.32,32.02916667
13/4/2020,2020,4,3.09,28.80833333
14/4/2020,2020,4,4.05,30.09583333
15/4/2020,2020,4,5,32.02916667
16/4/2020,2020,4,4.09,30.75416667
17/4/2020,2020,4,3.14,29.82916667
18/4/2020,2020,4,2.55,30.84545455
19/4/2020,2020,4,2.41,31.3
20/4/2020,2020,4,2.59,32.00833333
21/4/2020,2020,4,2.73,32.32857143
22/4/2020,2020,4,2.41,32.8875
23/4/2020,2020,4,3.09,31.64166667
24/4/2020,2020,4,3.18,30.80833333
25/4/2020,2020,4,3.27,28.40434783
26/4/2020,2020,4,3.41,30.82083333
27/4/2020,2020,4,4.09,30.28333333
28/4/2020,2020,4,5.18,31.8125
29/4/2020,2020,4,4.41,29.53333333
30/4/2020,2020,4,4.91,31.12083333
1/5/2020,2020,5,3.95,31.77083333
2/5/2020,2020,5,2.82,31.92083333
3/5/2020,2020,5,2.73,32.6625
4/5/2020,2020,5,2.64,32.36956522
5/5/2020,2020,5,3.09,33.44166667
6/5/2020,2020,5,3.18,33.3875
7/5/2020,2020,5,2.95,32.9
8/5/2020,2020,5,2.55,32.75
9/5/2020,2020,5,2.36,33.8
10/5/2020,2020,5,1.68,33.05416667
11/5/2020,2020,5,1.55,29.5625
12/5/2020,2020,5,2.23,31.25
13/5/2020,2020,5,3.45,32.72083333
14/5/2020,2020,5,2.59,31.04583333
15/5/2020,2020,5,2.45,31.86521739
16/5/2020,2020,5,2.41,33
17/5/2020,2020,5,2.64,31.60833333
18/5/2020,2020,5,2.59,32.35833333
19/5/2020,2020,5,2.5,32.35833333
20/5/2020,2020,5,2.23,32.19583333
21/5/2020,2020,5,2.55,32.43333333
22/5/2020,2020,5,2.77,33.80869565
23/5/2020,2020,5,3.86,32.70434783
24/5/2020,2020,5,3.86,30.16666667
25/5/2020,2020,5,3.95,30.0875
26/5/2020,2020,5,4.14,29.45
27/5/2020,2020,5,4.18,31.36666667
28/5/2020,2020,5,2.41,31.7625
29/5/2020,2020,5,2.27,30.17916667
30/5/2020,2020,5,2.45,29.70454545
31/5/2020,2020,5,1.91,30.97391304
1/6/2020,2020,6,2.14,32.2
2/6/2020,2020,6,2.18,30.50833333
3/6/2020,2020,6,1.95,29.1625
4/6/2020,2020,6,2.18,28.97391304
5/6/2020,2020,6,2.41,29.12608696
6/6/2020,2020,6,2.18,30.1875
7/6/2020,2020,6,1.77,30.29130435
8/6/2020,2020,6,1.45,29.7125
9/6/2020,2020,6,1.55,29.225
10/6/2020,2020,6,2.05,30.65416667
11/6/2020,2020,6,1.82,31.45416667
12/6/2020,2020,6,2.45,31.92916667
13/6/2020,2020,6,2.09,32.52173913
14/6/2020,2020,6,2.14,32.35416667
15/6/2020,2020,6,2.36,28.62608696
16/6/2020,2020,6,1.91,28.88333333
17/6/2020,2020,6,1.91,26.61666667
18/6/2020,2020,6,2.23,28.87391304
19/6/2020,2020,6,2.77,29.66666667
20/6/2020,2020,6,2.68,31.3173913
21/6/2020,2020,6,2.36,32.54583333
22/6/2020,2020,6,2.36,30.92916667
23/6/2020,2020,6,2.73,30.25416667
24/6/2020,2020,6,2.73,31.51666667
25/6/2020,2020,6,2.77,31.52083333
26/6/2020,2020,6,2.45,30.225
27/6/2020,2020,6,2.18,31.39090909
28/6/2020,2020,6,2.45,30.6125
29/6/2020,2020,6,2.27,30.45217391
30/6/2020,2020,6,2.18,31.0375
1/7/2020,2020,7,2.18,30.06521739
2/7/2020,2020,7,2.09,29.95833333
3/7/2020,2020,7,2.09,29.31666667
4/7/2020,2020,7,2.5,28.8826087
5/7/2020,2020,7,2.73,31.37083333
6/7/2020,2020,7,2.5,32.05416667
7/7/2020,2020,7,2.27,30.1625
8/7/2020,2020,7,2.41,30.82608696
9/7/2020,2020,7,2.14,32.09565217
10/7/2020,2020,7,2.27,32.16956522
11/7/2020,2020,7,2.41,32.16818182
12/7/2020,2020,7,2.27,31.61666667
13/7/2020,2020,7,2.27,30.0826087
14/7/2020,2020,7,1.91,28.62608696
15/7/2020,2020,7,2.41,29.17916667
16/7/2020,2020,7,2.59,28.96666667
17/7/2020,2020,7,2.32,30.46666667
18/7/2020,2020,7,2.41,30.85833333
19/7/2020,2020,7,2.95,30.4826087
20/7/2020,2020,7,1.91,29.2
21/7/2020,2020,7,2.77,28.65
22/7/2020,2020,7,2.73,29.03913043
23/7/2020,2020,7,2.86,30.32083333
24/7/2020,2020,7,2.55,29.36956522
25/7/2020,2020,7,2.64,28.92272727
26/7/2020,2020,7,2.68,29.93043478
27/7/2020,2020,7,2.32,31.62083333
28/7/2020,2020,7,1.82,29.53478261
29/7/2020,2020,7,2,30.73043478
30/7/2020,2020,7,2.23,31.30833333
31/7/2020,2020,7,2.18,31.41304348
1/8/2020,2020,8,1.95,30.96666667
2/8/2020,2020,8,1.86,29.52608696
3/8/2020,2020,8,1.45,29.38181818
4/8/2020,2020,8,1.68,28.63478261
5/8/2020,2020,8,2,29.1125
6/8/2020,2020,8,2.18,31.05833333
7/8/2020,2020,8,2.59,28.44166667
8/8/2020,2020,8,2.59,28.25416667
9/8/2020,2020,8,2.23,30.40833333
10/8/2020,2020,8,1.91,30.61363636
11/8/2020,2020,8,1.91,30.39565217
12/8/2020,2020,8,2.05,29.80416667
13/8/2020,2020,8,1.86,28.18333333
14/8/2020,2020,8,2.32,26.43913043
15/8/2020,2020,8,2.55,27.525
16/8/2020,2020,8,2.77,30.00416667
17/8/2020,2020,8,2.59,29.33333333
18/8/2020,2020,8,2.86,30.82916667
19/8/2020,2020,8,3.32,30.8375
20/8/2020,2020,8,2.95,29.86956522
21/8/2020,2020,8,3.45,29.82916667
22/8/2020,2020,8,2.73,29.37916667
23/8/2020,2020,8,2.5,28.4125
24/8/2020,2020,8,2.36,30.87083333
25/8/2020,2020,8,2.64,32.39583333
26/8/2020,2020,8,2.59,32.95416667
27/8/2020,2020,8,2.41,31.62916667
28/8/2020,2020,8,2.32,29.34583333
29/8/2020,2020,8,2.73,30.44166667
30/8/2020,2020,8,2.82,30.85416667
31/8/2020,2020,8,3.09,31.24782609
1/9/2020,2020,9,2.36,29.07083333
2/9/2020,2020,9,2.36,30.9125
3/9/2020,2020,9,3.23,31.42916667
4/9/2020,2020,9,2.86,31.825
5/9/2020,2020,9,2.73,30.85416667
6/9/2020,2020,9,2.45,30.86666667
7/9/2020,2020,9,2,30.175
8/9/2020,2020,9,1.82,29.92083333
9/9/2020,2020,9,2.27,29.5375
10/9/2020,2020,9,3.05,30.18333333
11/9/2020,2020,9,2.59,31.01666667
12/9/2020,2020,9,1.86,30.22916667
13/9/2020,2020,9,1.91,30.0875
14/9/2020,2020,9,2,30.52083333
15/9/2020,2020,9,1.77,29.3875
16/9/2020,2020,9,2.14,31.07916667
17/9/2020,2020,9,2.36,31.77083333
18/9/2020,2020,9,2.27,28.95
19/9/2020,2020,9,2.27,27.3375
20/9/2020,2020,9,1.77,27.8875
21/9/2020,2020,9,1.18,28.9625
22/9/2020,2020,9,2.5,29.42916667
23/9/2020,2020,9,2.82,29.3
24/9/2020,2020,9,3.5,28.11666667
25/9/2020,2020,9,1.68,30.5
26/9/2020,2020,9,2.09,31.6375
27/9/2020,2020,9,3.77,30.89130435
28/9/2020,2020,9,2.23,28.24166667
29/9/2020,2020,9,2.23,28.18333333
30/9/2020,2020,9,1.73,29.6875
1/10/2020,2020,10,2.59,30.77916667
2/10/2020,2020,10,2.55,28.84347826
3/10/2020,2020,10,2.18,27.4375
4/10/2020,2020,10,2.59,28.84166667
5/10/2020,2020,10,1.95,28.90869565
6/10/2020,2020,10,2.64,29.26666667
7/10/2020,2020,10,3.09,30.25416667
8/10/2020,2020,10,3.05,26.63043478
9/10/2020,2020,10,2.59,25.44583333
10/10/2020,2020,10,2.41,26.36666667
11/10/2020,2020,10,2.36,26.77083333
12/10/2020,2020,10,2.64,28.72916667
13/10/2020,2020,10,3.5,25.625
14/10/2020,2020,10,3.14,28.45833333
15/10/2020,2020,10,2.86,29.75833333
16/10/2020,2020,10,3.59,27.49166667
17/10/2020,2020,10,2.23,24.6875
18/10/2020,2020,10,2.09,24.08695652
19/10/2020,2020,10,1.91,25.52727273
20/10/2020,2020,10,3.23,26.82083333
21/10/2020,2020,10,3.05,28.00416667
22/10/2020,2020,10,2.95,28.575
23/10/2020,2020,10,3.41,29.1375
24/10/2020,2020,10,3.77,29.13333333
25/10/2020,2020,10,4.5,28.93333333
26/10/2020,2020,10,5.82,29.63043478
27/10/2020,2020,10,5.27,28.075
28/10/2020,2020,10,3.73,28.86666667
29/10/2020,2020,10,4.27,27.41666667
30/10/2020,2020,10,3.45,27.775
31/10/2020,2020,10,2.59,27.4875
1/11/2020,2020,11,2.64,28.12916667
2/11/2020,2020,11,2.55,30.4125
3/11/2020,2020,11,3.5,30.72173913
4/11/2020,2020,11,3.59,29.81666667
5/11/2020,2020,11,4.27,29.90833333
6/11/2020,2020,11,3.86,29.21666667
7/11/2020,2020,11,4.27,27.90416667
8/11/2020,2020,11,3.36,28.7
9/11/2020,2020,11,4.68,28.74166667
10/11/2020,2020,11,4.64,28.925
11/11/2020,2020,11,4.91,25.95833333
12/11/2020,2020,11,4.59,25.44583333
13/11/2020,2020,11,3.95,28.89166667
14/11/2020,2020,11,4.82,28.3
15/11/2020,2020,11,5.45,28.90416667
16/11/2020,2020,11,6.27,29.89166667
17/11/2020,2020,11,3.5,30.9375
18/11/2020,2020,11,4.05,31.44166667
19/11/2020,2020,11,4.55,32.225
20/11/2020,2020,11,5.41,31.77916667
21/11/2020,2020,11,4.86,29.4375
22/11/2020,2020,11,3.64,29.01666667
23/11/2020,2020,11,3.5,30.21666667
24/11/2020,2020,11,4.18,30.69166667
25/11/2020,2020,11,3.27,30.41666667
26/11/2020,2020,11,3.32,30.45833333
27/11/2020,2020,11,3.05,29.47083333
28/11/2020,2020,11,2.68,29.8125
29/11/2020,2020,11,3.23,29.07916667
30/11/2020,2020,11,3.23,29.23333333
1/12/2020,2020,12,2.73,28.43333333
2/12/2020,2020,12,3,29.26521739
3/12/2020,2020,12,3.05,28.71666667
4/12/2020,2020,12,3.09,27.56666667
5/12/2020,2020,12,3.64,26.27083333
6/12/2020,2020,12,3.77,26.44166667
7/12/2020,2020,12,4.14,27.48333333
8/12/2020,2020,12,4.95,28.42083333
9/12/2020,2020,12,4.73,27.62083333
10/12/2020,2020,12,4.68,27.22083333
11/12/2020,2020,12,6,28.99583333
12/12/2020,2020,12,6.73,29.625
13/12/2020,2020,12,6.36,30.39583333
14/12/2020,2020,12,6.5,29.7173913
15/12/2020,2020,12,7.32,30.5
16/12/2020,2020,12,6.77,29.54166667
17/12/2020,2020,12,4.86,29.35833333
18/12/2020,2020,12,3.77,29.71666667
19/12/2020,2020,12,4.23,28.49583333
20/12/2020,2020,12,3.59,26.22916667
21/12/2020,2020,12,3.68,24.58333333
22/12/2020,2020,12,4,24.9125
23/12/2020,2020,12,5.27,25.13478261
24/12/2020,2020,12,5.82,27.68333333
25/12/2020,2020,12,6.27,27.82083333
26/12/2020,2020,12,5.45,28.93333333
27/12/2020,2020,12,4.82,30.10416667
28/12/2020,2020,12,4.59,30.29583333
29/12/2020,2020,12,3.68,30.39166667
30/12/2020,2020,12,4.77,29.50416667
31/12/2020,2020,12,4.45,26.01666667
1/1/2021,2021,1,3.45,24.42083333
2/1/2021,2021,1,3.73,24.8375
3/1/2021,2021,1,4.23,26.93333333
4/1/2021,2021,1,5.91,27.57083333
5/1/2021,2021,1,5.41,28.74583333
6/1/2021,2021,1,4.91,29.9625
7/1/2021,2021,1,5.27,29.54583333
8/1/2021,2021,1,4.55,28.42083333
9/1/2021,2021,1,3.95,25.9
10/1/2021,2021,1,3.36,26.1875
11/1/2021,2021,1,4.05,25.79166667
12/1/2021,2021,1,4.41,22.62916667
13/1/2021,2021,1,4.36,22.5125
14/1/2021,2021,1,6.5,24.62916667
15/1/2021,2021,1,7.64,25.49166667
16/1/2021,2021,1,8.18,26.50833333
17/1/2021,2021,1,7.59,27.23043478
18/1/2021,2021,1,6.09,25.24166667
19/1/2021,2021,1,4.59,23.57826087
20/1/2021,2021,1,6.77,24.9875
21/1/2021,2021,1,7.68,25.675
22/1/2021,2021,1,7.73,26.66666667
23/1/2021,2021,1,8.5,27.83043478
24/1/2021,2021,1,7.5,28.60833333
25/1/2021,2021,1,4.77,28.75833333
26/1/2021,2021,1,4.09,29.44583333
27/1/2021,2021,1,4.32,29.81666667
28/1/2021,2021,1,5,30.24583333
29/1/2021,2021,1,5,28.4375
30/1/2021,2021,1,5.45,27.9375
31/1/2021,2021,1,5.95,27.8125
1/2/2021,2021,2,6.27,29.09166667
2/2/2021,2021,2,7.23,29.84583333
3/2/2021,2021,2,6.77,29.5
4/2/2021,2021,2,6.82,28.2
5/2/2021,2021,2,6.45,28.71666667
6/2/2021,2021,2,6.41,28.7375
7/2/2021,2021,2,6.32,29.525
8/2/2021,2021,2,7.27,29.2625
9/2/2021,2021,2,5.05,28.4125
10/2/2021,2021,2,5.18,28.60833333
11/2/2021,2021,2,4.86,28.68333333
12/2/2021,2021,2,4.45,28.6125
13/2/2021,2021,2,5.59,28.92083333
14/2/2021,2021,2,5.5,28.76521739
15/2/2021,2021,2,4.32,28.625
16/2/2021,2021,2,4.23,28.90869565
17/2/2021,2021,2,4.23,29.6125
18/2/2021,2021,2,4.86,28.7
19/2/2021,2021,2,5.95,27.65833333
20/2/2021,2021,2,5.5,26.76956522
21/2/2021,2021,2,5.82,28.54583333
22/2/2021,2021,2,7,28.6125
23/2/2021,2021,2,6.68,28.89565217
24/2/2021,2021,2,5.68,29.27916667
25/2/2021,2021,2,5.86,30.54347826
26/2/2021,2021,2,6.41,31.05
27/2/2021,2021,2,6.5,30.375
28/2/2021,2021,2,6.45,29.02173913
1/3/2021,2021,3,5.73,29.50833333
2/3/2021,2021,3,3.77,30.66666667
3/3/2021,2021,3,3.05,29.375
4/3/2021,2021,3,2.64,29.825
5/3/2021,2021,3,3.36,30.58333333
6/3/2021,2021,3,3.23,30.9
7/3/2021,2021,3,3.64,30.90416667
8/3/2021,2021,3,3.5,28.99130435
9/3/2021,2021,3,3.91,30
10/3/2021,2021,3,4.05,29.54166667
11/3/2021,2021,3,4.77,30.44166667
12/3/2021,2021,3,5.45,31.34166667
13/3/2021,2021,3,4.73,30.8875
14/3/2021,2021,3,4.27,29.7173913
15/3/2021,2021,3,4,30.06086957
16/3/2021,2021,3,3.91,30.09583333
17/3/2021,2021,3,4.23,30.44583333
18/3/2021,2021,3,4.73,31.15416667
19/3/2021,2021,3,5.5,31.0625
20/3/2021,2021,3,4.73,31.17083333
21/3/2021,2021,3,4.68,31.325
22/3/2021,2021,3,3.82,29.39583333
23/3/2021,2021,3,5.32,30.41666667
24/3/2021,2021,3,5.41,31.5625
25/3/2021,2021,3,6.36,31.2
26/3/2021,2021,3,5.41,31.14166667
27/3/2021,2021,3,3.32,31.14583333
28/3/2021,2021,3,2.82,31.825
29/3/2021,2021,3,3.23,31.67083333
30/3/2021,2021,3,3.18,31.7125
31/3/2021,2021,3,3.41,32.06666667
1/4/2021,2021,4,4.23,31.93333333
2/4/2021,2021,4,3.59,32.00416667
3/4/2021,2021,4,2.14,31.6625
4/4/2021,2021,4,2.5,28.50833333
5/4/2021,2021,4,2.68,27.76666667
6/4/2021,2021,4,4.14,28.15416667
7/4/2021,2021,4,3.91,29.44583333
8/4/2021,2021,4,4.05,30.35
9/4/2021,2021,4,3.91,30.09166667
10/4/2021,2021,4,3.36,29.92916667
11/4/2021,2021,4,4.09,28.73333333
12/4/2021,2021,4,3.86,28.99166667
13/4/2021,2021,4,3.91,30.54583333
14/4/2021,2021,4,3.18,30.48333333
15/4/2021,2021,4,2.77,30.07083333
16/4/2021,2021,4,3.36,30.80833333
17/4/2021,2021,4,3,29.97826087
18/4/2021,2021,4,2.91,28.89166667
19/4/2021,2021,4,2.77,28.61666667
20/4/2021,2021,4,2.14,30.34166667
21/4/2021,2021,4,2.32,29.89545455
22/4/2021,2021,4,2.64,31.77083333
23/4/2021,2021,4,3.77,32.2625
24/4/2021,2021,4,3.5,31.35
25/4/2021,2021,4,3.41,31.90416667
26/4/2021,2021,4,3.82,30.00833333
27/4/2021,2021,4,3.59,27.74166667
28/4/2021,2021,4,3,28.2625
29/4/2021,2021,4,3.73,27.48571429
30/4/2021,2021,4,2.82,28.47916667
1/5/2021,2021,5,3.05,28.54583333
2/5/2021,2021,5,3.18,29.26666667
3/5/2021,2021,5,3.32,29.8875
4/5/2021,2021,5,3.14,31.62083333
5/5/2021,2021,5,3.64,32.12916667
6/5/2021,2021,5,4.09,27.80833333
7/5/2021,2021,5,3.14,29.15
8/5/2021,2021,5,2.18,30.0375
9/5/2021,2021,5,3.77,29.7375
10/5/2021,2021,5,3.23,31.99583333
11/5/2021,2021,5,3.05,29.8826087
12/5/2021,2021,5,2.82,31.07391304
13/5/2021,2021,5,2.68,31.87083333
14/5/2021,2021,5,2.77,32.45909091
15/5/2021,2021,5,2.27,31.34347826
16/5/2021,2021,5,2.41,31.85416667
17/5/2021,2021,5,2.09,32.73333333
18/5/2021,2021,5,2.55,32.375
19/5/2021,2021,5,2.05,31.74347826
20/5/2021,2021,5,2.45,30.9173913
21/5/2021,2021,5,2.18,32.29583333
22/5/2021,2021,5,1.95,31.79583333
23/5/2021,2021,5,2.23,32.5
24/5/2021,2021,5,2,32.27916667
25/5/2021,2021,5,2.18,32.275
26/5/2021,2021,5,1.95,32.1
27/5/2021,2021,5,2.55,31.89583333
28/5/2021,2021,5,3,29.05416667
29/5/2021,2021,5,2.23,29.64583333
30/5/2021,2021,5,2.05,30.4375
31/5/2021,2021,5,1.64,32.02608696
1/6/2021,2021,6,2.14,32.9125
2/6/2021,2021,6,2.64,33.24583333
3/6/2021,2021,6,2.73,32.8375
4/6/2021,2021,6,2.41,33.54583333
5/6/2021,2021,6,2.5,33.1
6/6/2021,2021,6,2.55,32.71304348
7/6/2021,2021,6,2.23,31.49583333
8/6/2021,2021,6,2.05,30.14583333
9/6/2021,2021,6,2.09,29.20833333
10/6/2021,2021,6,1.59,29.90434783
11/6/2021,2021,6,1.32,30.02083333
12/6/2021,2021,6,2.32,30.89130435
13/6/2021,2021,6,3.27,28.9125
14/6/2021,2021,6,2.77,29.13043478
15/6/2021,2021,6,2.32,29.2375
16/6/2021,2021,6,2.82,29.92916667
17/6/2021,2021,6,2.09,30.39166667
18/6/2021,2021,6,2.09,31.40833333
19/6/2021,2021,6,2.27,32.325
20/6/2021,2021,6,2.27,31.55416667
21/6/2021,2021,6,2.05,31.72173913
22/6/2021,2021,6,3.36,31.82916667
23/6/2021,2021,6,4.27,31.35
24/6/2021,2021,6,3.09,31.48333333
25/6/2021,2021,6,2.09,31.37391304
26/6/2021,2021,6,3.05,30.25416667
27/6/2021,2021,6,2.45,31.6125
28/6/2021,2021,6,1.64,30.39130435
29/6/2021,2021,6,2.18,30.00416667
30/6/2021,2021,6,2.77,30
1/7/2021,2021,7,2.23,31.225
2/7/2021,2021,7,2.14,30.65833333
3/7/2021,2021,7,2,32.57083333
4/7/2021,2021,7,2.14,33.7125
5/7/2021,2021,7,1.91,33.05
6/7/2021,2021,7,1.86,31.45217391
7/7/2021,2021,7,1.95,30.55454545
8/7/2021,2021,7,1.91,29.7173913
9/7/2021,2021,7,2.32,28.4375
10/7/2021,2021,7,2.18,28.3625
11/7/2021,2021,7,2.14,27.42916667
12/7/2021,2021,7,1.55,29.97727273
13/7/2021,2021,7,1.5,30.37083333
14/7/2021,2021,7,2.45,27.9625
15/7/2021,2021,7,3.05,27.77083333
16/7/2021,2021,7,2.41,28.53043478
17/7/2021,2021,7,2.27,29.18695652
18/7/2021,2021,7,2.45,29.52916667
19/7/2021,2021,7,1.95,29.65833333
20/7/2021,2021,7,1.41,29.40869565
21/7/2021,2021,7,1.59,30.42083333
22/7/2021,2021,7,1.64,30.01666667
23/7/2021,2021,7,2.5,29.8
24/7/2021,2021,7,2.32,28.40434783
25/7/2021,2021,7,2.55,27.06666667
26/7/2021,2021,7,2,29.24583333
27/7/2021,2021,7,2.18,30.25416667
28/7/2021,2021,7,1.82,28.98333333
29/7/2021,2021,7,2.05,29.67916667
30/7/2021,2021,7,2,29.85
31/7/2021,2021,7,2.41,29.35909091
1/8/2021,2021,8,2.77,30.37083333
2/8/2021,2021,8,2.36,29.91363636
3/8/2021,2021,8,1.91,29.64583333
4/8/2021,2021,8,1.82,29.89166667
5/8/2021,2021,8,2.36,29.51666667
6/8/2021,2021,8,2.73,29.14166667
7/8/2021,2021,8,2.41,30.06956522
8/8/2021,2021,8,2.45,31.34782609
9/8/2021,2021,8,2.59,32.35833333
10/8/2021,2021,8,2.55,32.23478261
11/8/2021,2021,8,2.55,29.57083333
12/8/2021,2021,8,1.91,28.7375
13/8/2021,2021,8,1.5,29.38181818
14/8/2021,2021,8,1.68,28.06666667
15/8/2021,2021,8,1.95,28.71666667
16/8/2021,2021,8,1.68,29.77083333
17/8/2021,2021,8,1.45,30.475
18/8/2021,2021,8,2.73,32.02608696
19/8/2021,2021,8,2.45,31.39583333
20/8/2021,2021,8,2.23,30.79583333
21/8/2021,2021,8,2.77,29.1875
22/8/2021,2021,8,2.5,30.2826087
23/8/2021,2021,8,2.5,31.12608696
24/8/2021,2021,8,1.91,30.45454545
25/8/2021,2021,8,2.05,28.77083333
26/8/2021,2021,8,2.32,27.53333333
27/8/2021,2021,8,1.64,26.42173913
28/8/2021,2021,8,2.36,26.71666667
29/8/2021,2021,8,1.91,27.78695652
30/8/2021,2021,8,1.5,28.49130435
31/8/2021,2021,8,2.27,28.8375
1/9/2021,2021,9,2.77,28.10833333
2/9/2021,2021,9,2.82,28.84583333
3/9/2021,2021,9,2.05,28.99565217
4/9/2021,2021,9,1.77,29.0125
5/9/2021,2021,9,2.05,27.63913043
6/9/2021,2021,9,2.41,30.24583333
7/9/2021,2021,9,2.68,27.98695652
8/9/2021,2021,9,2.64,27.80416667
9/9/2021,2021,9,2.41,27.775
10/9/2021,2021,9,2.82,27.34166667
11/9/2021,2021,9,2,28.69583333
12/9/2021,2021,9,2.14,30.6125
13/9/2021,2021,9,2.09,31.35652174
14/9/2021,2021,9,2.05,29.92083333
15/9/2021,2021,9,2.41,28.7375
16/9/2021,2021,9,2.27,28.11818182
17/9/2021,2021,9,1.68,29.70833333
18/9/2021,2021,9,2,30.65833333
19/9/2021,2021,9,2.68,28.69166667
20/9/2021,2021,9,2.36,28.2125
21/9/2021,2021,9,2.45,26.56363636
22/9/2021,2021,9,1.5,26.9125
23/9/2021,2021,9,1.05,27.72173913
24/9/2021,2021,9,0.82,28.55833333
25/9/2021,2021,9,1.36,26.52916667
26/9/2021,2021,9,0.86,27.10869565
27/9/2021,2021,9,1.14,28.1625
28/9/2021,2021,9,1.59,29.05
29/9/2021,2021,9,3,31.51666667
30/9/2021,2021,9,4.45,29.27083333
1/10/2021,2021,10,3.59,30.5625
2/10/2021,2021,10,2.64,28.825
3/10/2021,2021,10,2.59,28.75416667
4/10/2021,2021,10,3.27,28.58333333
5/10/2021,2021,10,3.32,30.17916667
6/10/2021,2021,10,3.77,27.69166667
7/10/2021,2021,10,2.91,30.19565217
8/10/2021,2021,10,3.14,29.2173913
9/10/2021,2021,10,4.55,27.90833333
10/10/2021,2021,10,2.45,30.5125
11/10/2021,2021,10,2.18,30.45833333
12/10/2021,2021,10,1.95,30.09166667
13/10/2021,2021,10,2.14,30.5125
14/10/2021,2021,10,1.77,28.82083333
15/10/2021,2021,10,2.23,27.17272727
16/10/2021,2021,10,2.59,29.11304348
17/10/2021,2021,10,2.59,25.44166667
18/10/2021,2021,10,1.73,25.79583333
19/10/2021,2021,10,2.18,28.09130435
20/10/2021,2021,10,3.27,30.35833333
21/10/2021,2021,10,3.95,30.025
22/10/2021,2021,10,4.41,29.44166667
23/10/2021,2021,10,3.41,28.82916667
24/10/2021,2021,10,2.64,29.57083333
25/10/2021,2021,10,2.55,29.7875
26/10/2021,2021,10,2.91,30.6625
27/10/2021,2021,10,3.64,29.85416667
28/10/2021,2021,10,3.91,27.925
29/10/2021,2021,10,4.18,28.39565217
30/10/2021,2021,10,3.45,28.84166667
31/10/2021,2021,10,4.09,28.63333333
1/11/2021,2021,11,2.77,29.49583333
2/11/2021,2021,11,2.82,30.3125
3/11/2021,2021,11,3.14,30.58333333
4/11/2021,2021,11,3,31.2875
5/11/2021,2021,11,3.05,31.43333333
6/11/2021,2021,11,3.23,29.97916667
7/11/2021,2021,11,3.68,30.80833333
8/11/2021,2021,11,3.27,29.89565217
9/11/2021,2021,11,3.23,29.67083333
10/11/2021,2021,11,2.77,29.01304348
11/11/2021,2021,11,3.36,29.22173913
12/11/2021,2021,11,4,29.66666667
13/11/2021,2021,11,3.68,28.04782609
14/11/2021,2021,11,3.82,27.98181818
15/11/2021,2021,11,4.09,30.08333333
16/11/2021,2021,11,4.18,29.69166667
17/11/2021,2021,11,3.14,30.94583333
18/11/2021,2021,11,2.5,30.80833333
19/11/2021,2021,11,2.86,31.475
20/11/2021,2021,11,3.18,30.04782609
21/11/2021,2021,11,3.59,31.28333333
22/11/2021,2021,11,3.59,31.27391304
23/11/2021,2021,11,3.77,27.75416667
24/11/2021,2021,11,2.64,27.49166667
25/11/2021,2021,11,2.68,29.07916667
26/11/2021,2021,11,3.68,28.93913043
27/11/2021,2021,11,4.05,28.02083333
28/11/2021,2021,11,4,28.44583333
29/11/2021,2021,11,4.36,28.88333333
30/11/2021,2021,11,3.95,27.93333333
1/12/2021,2021,12,4.27,27.45416667
2/12/2021,2021,12,4.77,26.35416667
3/12/2021,2021,12,4.77,26.42916667
4/12/2021,2021,12,4.64,25.07083333
5/12/2021,2021,12,4.68,24.35217391
6/12/2021,2021,12,4.95,25.7875
7/12/2021,2021,12,5.05,26.7625
8/12/2021,2021,12,5.73,26.5625
9/12/2021,2021,12,5.55,28.15416667
10/12/2021,2021,12,4.55,28.22916667
11/12/2021,2021,12,4.36,28.83333333
12/12/2021,2021,12,4.45,28.02916667
13/12/2021,2021,12,3.68,27.98333333
14/12/2021,2021,12,3.59,27.78695652
15/12/2021,2021,12,5.59,28.32916667
16/12/2021,2021,12,5.86,29.18333333
17/12/2021,2021,12,5.95,29.70833333
18/12/2021,2021,12,5.32,29.32083333
19/12/2021,2021,12,4.09,26.67916667
20/12/2021,2021,12,3.95,25.95
21/12/2021,2021,12,5.82,27.41666667
22/12/2021,2021,12,7.23,27.55
23/12/2021,2021,12,7.55,28.41666667
24/12/2021,2021,12,6.64,29.20833333
25/12/2021,2021,12,5.95,29.45652174
26/12/2021,2021,12,3.55,29.075
27/12/2021,2021,12,3.36,30.09166667
28/12/2021,2021,12,4.05,29.3625
29/12/2021,2021,12,2.82,30.05
30/12/2021,2021,12,2.91,28.8375
31/12/2021,2021,12,3.18,28.09166667
1/1/2022,2022,1,3.41,27.3125
2/1/2022,2022,1,3.41,27.55833333
3/1/2022,2022,1,3.73,27.3625
4/1/2022,2022,1,4.59,28.20833333
5/1/2022,2022,1,5.09,28.9
6/1/2022,2022,1,5.14,28.68695652
7/1/2022,2022,1,5.86,29.24583333
8/1/2022,2022,1,4.68,29.69166667
9/1/2022,2022,1,5.32,29.09166667
10/1/2022,2022,1,5.32,29.34782609
11/1/2022,2022,1,4.73,29.04583333
12/1/2022,2022,1,4.5,28.71304348
13/1/2022,2022,1,4.27,29.30833333
14/1/2022,2022,1,3.86,28.8375
15/1/2022,2022,1,4.27,28.77916667
16/1/2022,2022,1,4.59,28.72916667
17/1/2022,2022,1,5.45,29.22083333
18/1/2022,2022,1,5,29.36086957
19/1/2022,2022,1,3.86,28.425
20/1/2022,2022,1,4.64,28.50416667
21/1/2022,2022,1,3.05,27.9625
22/1/2022,2022,1,2.59,27.37916667
23/1/2022,2022,1,2.91,28.9125
24/1/2022,2022,1,3.36,28.85
25/1/2022,2022,1,3.73,28.89545455
26/1/2022,2022,1,3.68,28.59166667
27/1/2022,2022,1,3.95,27.62916667
28/1/2022,2022,1,3.77,28.88333333
29/1/2022,2022,1,3.91,30.325
30/1/2022,2022,1,3.55,30.69565217
31/1/2022,2022,1,3.45,29.52916667
1/2/2022,2022,2,3.18,29.09583333
2/2/2022,2022,2,2.73,30.85625
3/2/2022,2022,2,3.36,29.35416667
4/2/2022,2022,2,3.55,29.17826087
5/2/2022,2022,2,4.27,29
6/2/2022,2022,2,5.09,28.97826087
7/2/2022,2022,2,6.64,29.92083333
8/2/2022,2022,2,6.55,30.075
9/2/2022,2022,2,4,28.24090909
10/2/2022,2022,2,3.5,28.07083333
11/2/2022,2022,2,3.14,28.32173913
12/2/2022,2022,2,3.64,28.09166667
13/2/2022,2022,2,4.32,29
14/2/2022,2022,2,3.23,27.91304348
15/2/2022,2022,2,3.77,27.26666667
16/2/2022,2022,2,5.41,26.89090909
17/2/2022,2022,2,5.41,27.2
18/2/2022,2022,2,2.82,28.12173913
19/2/2022,2022,2,2.14,29.19583333
20/2/2022,2022,2,1.82,29.59166667
21/2/2022,2022,2,2.68,27.5
22/2/2022,2022,2,3.41,26.7125
23/2/2022,2022,2,4.77,28.8875
24/2/2022,2022,2,4.68,28.09166667
25/2/2022,2022,2,5.36,28.24583333
26/2/2022,2022,2,5.55,28.75
27/2/2022,2022,2,4.45,29.00833333
28/2/2022,2022,2,6.82,30.3125
1/3/2022,2022,3,4.86,31.29583333
2/3/2022,2022,3,3.77,30.94782609
3/3/2022,2022,3,3.14,30.325
4/3/2022,2022,3,3.68,31.10869565
5/3/2022,2022,3,3.91,31.29130435
6/3/2022,2022,3,3.55,31.075
7/3/2022,2022,3,3.23,30.64347826
8/3/2022,2022,3,4.05,28.77391304
9/3/2022,2022,3,6.68,30.99545455
10/3/2022,2022,3,4.23,30.46956522
11/3/2022,2022,3,3.91,31.32916667
12/3/2022,2022,3,4.23,32.09583333
13/3/2022,2022,3,4.23,31.48636364
14/3/2022,2022,3,3.59,31.29166667
15/3/2022,2022,3,2.68,31.49583333
16/3/2022,2022,3,2.27,31.3875
17/3/2022,2022,3,2.45,31.17619048
18/3/2022,2022,3,3.27,30.09090909
19/3/2022,2022,3,3.86,30.5173913
20/3/2022,2022,3,3.45,26.72631579
21/3/2022,2022,3,2.55,28.50526316
22/3/2022,2022,3,2.55,28.87916667
23/3/2022,2022,3,3.36,28.6875
24/3/2022,2022,3,3.18,28.23333333
25/3/2022,2022,3,3,29.48888889
26/3/2022,2022,3,2.68,31.56666667
27/3/2022,2022,3,2.5,31.60833333
28/3/2022,2022,3,3.23,32.04583333
29/3/2022,2022,3,2.91,32.36111111
30/3/2022,2022,3,3.14,32.45789474
31/3/2022,2022,3,3.82,32.7826087
1/4/2022,2022,4,3.64,31.625
2/4/2022,2022,4,2,27.02083333
3/4/2022,2022,4,2.27,23.4375
4/4/2022,2022,4,3.64,28.71666667
5/4/2022,2022,4,4.36,30.12173913
6/4/2022,2022,4,5.23,32.19565217
7/4/2022,2022,4,5.18,31.13913043
8/4/2022,2022,4,6.95,30.8
9/4/2022,2022,4,7.86,31.1625
10/4/2022,2022,4,7.41,31.72608696
11/4/2022,2022,4,6.14,31.07058824
12/4/2022,2022,4,6.23,35.25714286
13/4/2022,2022,4,4.5,36.20769231
14/4/2022,2022,4,4.55,36.3375
15/4/2022,2022,4,4.91,35.90666667
16/4/2022,2022,4,4.59,36.85
17/4/2022,2022,4,4.23,36.15714286
18/4/2022,2022,4,4.23,35.3
19/4/2022,2022,4,3.77,31.16
20/4/2022,2022,4,4.5,32.15416667
21/4/2022,2022,4,4.05,29.58
22/4/2022,2022,4,3.05,
23/4/2022,2022,4,2.55,
24/4/2022,2022,4,2.86,
25/4/2022,2022,4,2.68,
26/4/2022,2022,4,2.73,
27/4/2022,2022,4,3.27,
28/4/2022,2022,4,3.27,
29/4/2022,2022,4,2.73,
30/4/2022,2022,4,4.41,
1/5/2022,2022,5,3.41,30.275
2/5/2022,2022,5,2.86,28.1
3/5/2022,2022,5,2.55,26.175
4/5/2022,2022,5,3.09,27.25833333
5/5/2022,2022,5,3.59,29.85833333
6/5/2022,2022,5,4.32,30.425
7/5/2022,2022,5,3.59,28.27083333
8/5/2022,2022,5,3.18,28.27916667
9/5/2022,2022,5,2.95,29.19166667
10/5/2022,2022,5,2.05,28.59583333
11/5/2022,2022,5,2.59,29.425
12/5/2022,2022,5,2.91,30.87916667
13/5/2022,2022,5,3,32.09583333
14/5/2022,2022,5,3.59,32.175
15/5/2022,2022,5,3.36,31.79166667
16/5/2022,2022,5,2.41,30.425
17/5/2022,2022,5,2.59,28.6125
18/5/2022,2022,5,2.64,27.72608696
19/5/2022,2022,5,2.32,29.61304348
20/5/2022,2022,5,1.5,30.37391304
21/5/2022,2022,5,1.77,29.63478261
22/5/2022,2022,5,2.68,28.62916667
23/5/2022,2022,5,2.55,30.97916667
24/5/2022,2022,5,2.68,30.81304348
25/5/2022,2022,5,2.73,30.99583333
26/5/2022,2022,5,2.64,30.84166667
27/5/2022,2022,5,3.32,31.1125
28/5/2022,2022,5,3.32,30.5625
29/5/2022,2022,5,4.18,31.2875
30/5/2022,2022,5,3.32,31.16666667
31/5/2022,2022,5,3.55,30.26666667
1/6/2022,2022,6,3.77,30.01666667
2/6/2022,2022,6,2.95,30.40416667
3/6/2022,2022,6,2.18,29.52916667
4/6/2022,2022,6,1.95,29.30416667
5/6/2022,2022,6,2.27,30.175
6/6/2022,2022,6,2,29.07916667
7/6/2022,2022,6,2.59,29.225
8/6/2022,2022,6,2.5,29.24347826
9/6/2022,2022,6,2.86,30.32916667
10/6/2022,2022,6,3,30.40833333
11/6/2022,2022,6,2.77,30.49130435
12/6/2022,2022,6,2.86,31.67083333
13/6/2022,2022,6,3.5,30.25
14/6/2022,2022,6,3.18,30.41666667
15/6/2022,2022,6,3,29.425
16/6/2022,2022,6,2.68,29.92916667
17/6/2022,2022,6,2.95,30.59565217
18/6/2022,2022,6,2.91,31.45416667
19/6/2022,2022,6,2.73,31.5
20/6/2022,2022,6,2.23,30.39166667
21/6/2022,2022,6,2.45,28.8875
22/6/2022,2022,6,3,29.82083333
23/6/2022,2022,6,2.45,29.575
24/6/2022,2022,6,2.5,28.8125
25/6/2022,2022,6,2.32,28.4173913
26/6/2022,2022,6,1.91,28.75652174
27/6/2022,2022,6,2,28.625
28/6/2022,2022,6,2.59,29.55833333
29/6/2022,2022,6,3.45,30.00869565
30/6/2022,2022,6,3.09,30.19166667
1/7/2022,2022,7,1.91,29.5875
2/7/2022,2022,7,2,29.675
3/7/2022,2022,7,2.23,29.65416667
4/7/2022,2022,7,2,30.0625
5/7/2022,2022,7,2.18,29.90416667
6/7/2022,2022,7,2.55,30.27083333
7/7/2022,2022,7,2.5,30.50416667
8/7/2022,2022,7,2.41,29.7375
9/7/2022,2022,7,2.45,28.05833333
10/7/2022,2022,7,2.23,30.16666667
11/7/2022,2022,7,2.23,29.975
12/7/2022,2022,7,2.64,28.85833333
13/7/2022,2022,7,2.68,26.45833333
14/7/2022,2022,7,2.5,28.9826087
15/7/2022,2022,7,3.23,28.8375
16/7/2022,2022,7,2.73,29.325
17/7/2022,2022,7,2.14,29.4
18/7/2022,2022,7,2.59,30.83333333
19/7/2022,2022,7,2.41,31.17916667
20/7/2022,2022,7,2.45,30.20833333
21/7/2022,2022,7,2,26.5
22/7/2022,2022,7,2.18,29.05416667
23/7/2022,2022,7,2.05,28.1173913
24/7/2022,2022,7,2.86,29.24583333
25/7/2022,2022,7,2.55,29.5
26/7/2022,2022,7,2.68,31.05
27/7/2022,2022,7,2.45,30.46666667
28/7/2022,2022,7,2.32,29.66521739
29/7/2022,2022,7,2.45,30.0375
30/7/2022,2022,7,2.41,30.33333333
31/7/2022,2022,7,2.36,29.08333333
1/8/2022,2022,8,2.36,27.31666667
2/8/2022,2022,8,2.05,27.21666667
3/8/2022,2022,8,2,28.24583333
4/8/2022,2022,8,2.41,29.4875
5/8/2022,2022,8,2.41,27.70416667
6/8/2022,2022,8,2.64,29.32083333
7/8/2022,2022,8,1.41,29.07083333
8/8/2022,2022,8,1.68,27.60833333
9/8/2022,2022,8,2.55,28.05833333
10/8/2022,2022,8,2.64,29.83913043
11/8/2022,2022,8,2.5,28.59166667
12/8/2022,2022,8,2.5,28.47916667
13/8/2022,2022,8,2.55,29.06956522
14/8/2022,2022,8,2.27,30.2125
15/8/2022,2022,8,2.41,29.62916667
16/8/2022,2022,8,2.32,28.12916667
17/8/2022,2022,8,2.41,28.44583333
18/8/2022,2022,8,2.5,28.92083333
19/8/2022,2022,8,2.59,29.4625
20/8/2022,2022,8,2.68,28.7173913
21/8/2022,2022,8,2.73,28.42083333
22/8/2022,2022,8,2.55,29.14583333
23/8/2022,2022,8,2.91,29.69583333
24/8/2022,2022,8,3.05,30.9
25/8/2022,2022,8,2.5,29.5125
26/8/2022,2022,8,2.14,27.32083333
27/8/2022,2022,8,2.32,28.45416667
28/8/2022,2022,8,2.27,30.35416667
29/8/2022,2022,8,2.82,28.50416667
30/8/2022,2022,8,3.45,30.05
31/8/2022,2022,8,3.14,28.59583333
1/9/2022,2022,9,3.77,
2/9/2022,2022,9,4.18,
3/9/2022,2022,9,2.73,
4/9/2022,2022,9,2,
5/9/2022,2022,9,1.32,
6/9/2022,2022,9,1.41,
7/9/2022,2022,9,2.27,
8/9/2022,2022,9,2.23,
9/9/2022,2022,9,2.14,
10/9/2022,2022,9,0.95,
11/9/2022,2022,9,1.95,
12/9/2022,2022,9,2.73,
13/9/2022,2022,9,3.68,
14/9/2022,2022,9,3.09,
15/9/2022,2022,9,2.68,
16/9/2022,2022,9,2.73,
17/9/2022,2022,9,2.36,
18/9/2022,2022,9,2.55,
19/9/2022,2022,9,2.45,
20/9/2022,2022,9,2.5,
21/9/2022,2022,9,2.64,
22/9/2022,2022,9,2.86,
23/9/2022,2022,9,3.45,
24/9/2022,2022,9,2.91,
25/9/2022,2022,9,2.18,
26/9/2022,2022,9,1.23,
27/9/2022,2022,9,1.86,
28/9/2022,2022,9,2.73,
29/9/2022,2022,9,2.18,
30/9/2022,2022,9,0.73,
1/10/2022,2022,10,1.23,29.05416667
2/10/2022,2022,10,2.45,29.14583333
3/10/2022,2022,10,2.36,27.77916667
4/10/2022,2022,10,2.82,28.27916667
5/10/2022,2022,10,2.95,29.45416667
6/10/2022,2022,10,3.59,28.25833333
7/10/2022,2022,10,2.77,27.775
8/10/2022,2022,10,2.59,29.65833333
9/10/2022,2022,10,2.59,29.04166667
10/10/2022,2022,10,2.14,28.04166667
11/10/2022,2022,10,2.59,28.55416667
12/10/2022,2022,10,3.77,30.40833333
13/10/2022,2022,10,3.59,30.375
14/10/2022,2022,10,4.36,29.69583333
15/10/2022,2022,10,4.64,26.44583333
16/10/2022,2022,10,3.86,24.07916667
17/10/2022,2022,10,4.64,27.99166667
18/10/2022,2022,10,5.59,28.90833333
19/10/2022,2022,10,5.64,28.63333333
20/10/2022,2022,10,5.23,28.9
21/10/2022,2022,10,3.91,28.39166667
22/10/2022,2022,10,4.23,29.64347826
23/10/2022,2022,10,3.55,29.88333333
24/10/2022,2022,10,5.64,31.1125
25/10/2022,2022,10,5.68,31.4625
26/10/2022,2022,10,4.27,30.70833333
27/10/2022,2022,10,2.59,28.25833333
28/10/2022,2022,10,2.95,29.84166667
29/10/2022,2022,10,3,29.64583333
30/10/2022,2022,10,3.27,30.08333333
31/10/2022,2022,10,3.95,30.05
1/11/2022,2022,11,4.09,29.05833333
2/11/2022,2022,11,3.45,28.77916667
3/11/2022,2022,11,4,28.7875
4/11/2022,2022,11,3.73,28.45652174
5/11/2022,2022,11,4.77,27.95416667
6/11/2022,2022,11,4.41,28.92083333
7/11/2022,2022,11,4.64,29.80833333
8/11/2022,2022,11,5.09,29.2625
9/11/2022,2022,11,4.77,28.7375
10/11/2022,2022,11,4.14,29.525
11/11/2022,2022,11,3.86,30.5125
12/11/2022,2022,11,3.55,31.425
13/11/2022,2022,11,3.36,30.075
14/11/2022,2022,11,2.32,28.6
15/11/2022,2022,11,2.41,29.96666667
16/11/2022,2022,11,3.18,29.23333333
17/11/2022,2022,11,3.36,29.39583333
18/11/2022,2022,11,3.14,28.61304348
19/11/2022,2022,11,3.68,30.29166667
20/11/2022,2022,11,2.59,28.87391304
21/11/2022,2022,11,2.68,29.40869565
22/11/2022,2022,11,3.14,31.21666667
23/11/2022,2022,11,3.59,30.3875
24/11/2022,2022,11,2.73,27.65416667
25/11/2022,2022,11,1.91,28.75416667
26/11/2022,2022,11,2.32,27.7
27/11/2022,2022,11,2.86,28.43333333
28/11/2022,2022,11,2.82,29.64583333
29/11/2022,2022,11,3.64,30.25416667
30/11/2022,2022,11,4.27,30.63333333
1/12/2022,2022,12,3.55,29.775
2/12/2022,2022,12,3.45,30.12083333
3/12/2022,2022,12,3.05,29.20416667
4/12/2022,2022,12,3.05,29.65416667
5/12/2022,2022,12,2.95,29.81666667
6/12/2022,2022,12,2.64,29.14583333
7/12/2022,2022,12,3.55,29.46666667
8/12/2022,2022,12,4.36,29.1875
9/12/2022,2022,12,4.05,30.275
10/12/2022,2022,12,3.59,30.47083333
11/12/2022,2022,12,3.36,29.45833333
12/12/2022,2022,12,3.95,28.76666667
13/12/2022,2022,12,3.86,26.175
14/12/2022,2022,12,4.59,25.09583333
15/12/2022,2022,12,4.95,25.8125
16/12/2022,2022,12,6.27,27.425
17/12/2022,2022,12,5,27.84583333
18/12/2022,2022,12,3.45,23.95
19/12/2022,2022,12,4.14,23.44583333
20/12/2022,2022,12,4.68,25.34583333
21/12/2022,2022,12,5.64,27.1
22/12/2022,2022,12,5.32,27.40833333
23/12/2022,2022,12,5.09,27.60416667
24/12/2022,2022,12,4.64,26.4
25/12/2022,2022,12,4,25.77083333
26/12/2022,2022,12,4.14,25.90416667
27/12/2022,2022,12,4.55,26.03333333
28/12/2022,2022,12,5.55,26.97083333
29/12/2022,2022,12,5.23,27.46666667
30/12/2022,2022,12,3.86,26.74583333
31/12/2022,2022,12,4.14,25.9625
1/1/2023,2023,1, ,25.61666667
2/1/2023,2023,1,4.68,25.7625
3/1/2023,2023,1,4.45,27.42083333
4/1/2023,2023,1,3.55,28.52916667
5/1/2023,2023,1,3.73,28.09583333
6/1/2023,2023,1,2.86,27.30416667
7/1/2023,2023,1,3.14,25.94166667
8/1/2023,2023,1,3.91,27.35416667
9/1/2023,2023,1,4.86,29.02916667
10/1/2023,2023,1,4.41,28.9875
11/1/2023,2023,1,2.91,26.45217391
12/1/2023,2023,1,3.41,27.9
13/1/2023,2023,1,3.23,28.275
14/1/2023,2023,1,3.05,28.175
15/1/2023,2023,1,3.36,28.775
16/1/2023,2023,1,3.68,28.34166667
17/1/2023,2023,1,4.09,29.02083333
18/1/2023,2023,1,3.55,28.19166667
19/1/2023,2023,1,3.55,27.4875
20/1/2023,2023,1,3.73,27.3
21/1/2023,2023,1,3.36,27.58333333
22/1/2023,2023,1,3.68,27.5875
23/1/2023,2023,1,5.64,29.04166667
24/1/2023,2023,1,5.14,28.77916667
25/1/2023,2023,1,3.36,25.3
26/1/2023,2023,1,5.32,26.73333333
27/1/2023,2023,1,5.5,27.34583333
28/1/2023,2023,1,3.59,25.5
29/1/2023,2023,1,4.36,24.07083333
30/1/2023,2023,1,5.27,23.90416667
31/1/2023,2023,1,7.59,25.96521739
1/2/2023,2023,2,8.27,27.32083333
2/2/2023,2023,2,7.91,29.19583333
3/2/2023,2023,2,5.5,28.78333333
4/2/2023,2023,2,3.95,28.89166667
5/2/2023,2023,2,3.5,28.875
6/2/2023,2023,2,3.36,28.70833333
7/2/2023,2023,2,3.05,28.65833333
8/2/2023,2023,2,3.05,28.99583333
9/2/2023,2023,2,3.41,28.75416667
10/2/2023,2023,2,3.32,28.85833333
11/2/2023,2023,2,4.95,29.06666667
12/2/2023,2023,2,4.09,29.1
13/2/2023,2023,2,3.32,28.85
14/2/2023,2023,2,3.59,29.49583333
15/2/2023,2023,2,4.68,26.525
16/2/2023,2023,2,3.91,26.98333333
17/2/2023,2023,2,5.23,27.54583333
18/2/2023,2023,2,5.73,28.1375
19/2/2023,2023,2,6.32,29.88333333
20/2/2023,2023,2,4.91,29.35416667
21/2/2023,2023,2,5.14,29.24583333
22/2/2023,2023,2,5.86,29.3625
23/2/2023,2023,2,6.64,29.77083333
24/2/2023,2023,2,6.95,30.1625
25/2/2023,2023,2,6.14,28.62083333
26/2/2023,2023,2,4.32,26.72083333
27/2/2023,2023,2,5.27,26.34583333
28/2/2023,2023,2,6.77,28.05
1/3/2023,2023,3,7.09,29.86666667
2/3/2023,2023,3,6.59,30.5125
3/3/2023,2023,3,5.45,29.28333333
4/3/2023,2023,3,7.27,28.35
5/3/2023,2023,3,7.18,28.47916667
6/3/2023,2023,3,7.41,28.90416667
7/3/2023,2023,3,8.09,29.70416667
8/3/2023,2023,3,8.14,30.3625
9/3/2023,2023,3,6.27,29.67083333
10/3/2023,2023,3,6.18,30.12083333
11/3/2023,2023,3,5.68,29.04166667
12/3/2023,2023,3,5.09,29.34166667
13/3/2023,2023,3,6.05,28.875
14/3/2023,2023,3,6,29.34166667
15/3/2023,2023,3,6.77,28.81666667
16/3/2023,2023,3,5.36,29.11666667
17/3/2023,2023,3,5.09,29.1125
18/3/2023,2023,3,5,29.28333333
19/3/2023,2023,3,3.73,29.275
20/3/2023,2023,3,3.55,29.5375
21/3/2023,2023,3,4.05,29.69166667
22/3/2023,2023,3,4.09,29.84166667
23/3/2023,2023,3,3.45,29.99166667
24/3/2023,2023,3,3.55,29.97083333
25/3/2023,2023,3,3.55,30.09130435
26/3/2023,2023,3,3.45,30.14166667
27/3/2023,2023,3,3.18,30.22083333
28/3/2023,2023,3,3.23,29.8
29/3/2023,2023,3,2.95,29.85833333
30/3/2023,2023,3,3.14,29.29130435
31/3/2023,2023,3,3.23,30.325
1/4/2023,2023,4,3.45,30.07083333
2/4/2023,2023,4,4.09,30.11666667
3/4/2023,2023,4,5.09,30.55833333
4/4/2023,2023,4,5.91,30.4125
5/4/2023,2023,4,6.32,30.58333333
6/4/2023,2023,4,6.05,30.92916667
7/4/2023,2023,4,4.32,29.46666667
8/4/2023,2023,4,3.45,30
9/4/2023,2023,4,3.59,30.7125
10/4/2023,2023,4,3.18,30.88333333
11/4/2023,2023,4,4.5,30.97916667
12/4/2023,2023,4,4.86,31.13333333
13/4/2023,2023,4,5.86,31.30434783
14/4/2023,2023,4,6.64,31.25833333
15/4/2023,2023,4,7.05,31.02916667
16/4/2023,2023,4,7,29.525
17/4/2023,2023,4,6.91,30.5625
18/4/2023,2023,4,6.68,30.43043478
19/4/2023,2023,4,6.86,31.27083333
20/4/2023,2023,4,6.68,32.35
21/4/2023,2023,4,6.45,32.2125
22/4/2023,2023,4,6.77,31.8875
23/4/2023,2023,4,5.36,31.07083333
24/4/2023,2023,4,5.68,31.19583333
25/4/2023,2023,4,4.05,29.82916667
26/4/2023,2023,4,3.59,26.30416667
27/4/2023,2023,4,5.36,30.28333333
28/4/2023,2023,4,4.09,29.76666667
29/4/2023,2023,4,4.23,30.52083333
30/4/2023,2023,4,3.36,27.64583333
1/5/2023,2023,5,3.77,30.65833333
2/5/2023,2023,5,4,31.26666667
3/5/2023,2023,5,3.32,31.6875
4/5/2023,2023,5,3.14,31.6
5/5/2023,2023,5,4.55,32.425
6/5/2023,2023,5,3.91,33.22173913
7/5/2023,2023,5,3.91,33.64166667
8/5/2023,2023,5,3.5,32.00416667
9/5/2023,2023,5,3.55,30.95833333
10/5/2023,2023,5,3.27,29.1
11/5/2023,2023,5,3.45,31.15
12/5/2023,2023,5,2.82,31.18333333
13/5/2023,2023,5,2.86,30.87916667
14/5/2023,2023,5,2.32,31.66086957
15/5/2023,2023,5,3.77,31.64583333
16/5/2023,2023,5,4.91,31.025
17/5/2023,2023,5,4.36,32.2625
18/5/2023,2023,5,4.32,33.59583333
19/5/2023,2023,5,3.95,33.09583333
20/5/2023,2023,5,4.27,32.77391304
21/5/2023,2023,5,4.36,32.99583333
22/5/2023,2023,5,4,32.32083333
23/5/2023,2023,5,4.14,31.975
24/5/2023,2023,5,3.86,31.11666667
25/5/2023,2023,5,3.82,30.375
26/5/2023,2023,5,4.27,32.975
27/5/2023,2023,5,3.95,31.32083333
28/5/2023,2023,5,3.5,30.04545455
29/5/2023,2023,5,3.09,28.95
30/5/2023,2023,5,3.27,30.09583333
31/5/2023,2023,5,3.45,30.91666667
1/6/2023,2023,6,3.68,33.63333333
2/6/2023,2023,6,3.73,32.90869565
3/6/2023,2023,6,3.41,32.71666667
4/6/2023,2023,6,2.45,32.45909091
5/6/2023,2023,6,2.27,31.95833333
6/6/2023,2023,6,3.55,30.75833333
7/6/2023,2023,6,3.05,30.53333333
8/6/2023,2023,6,2.68,29.12083333
9/6/2023,2023,6,2.36,30.11363636
10/6/2023,2023,6,2.36,31.06521739
11/6/2023,2023,6,2.32,30.9125
12/6/2023,2023,6,2.45,30.4125
13/6/2023,2023,6,2.36,30.24347826
14/6/2023,2023,6,2.64,30.56521739
15/6/2023,2023,6,2.09,31.12727273
16/6/2023,2023,6,2.23,31.20434783
17/6/2023,2023,6,2.14,30.25833333
18/6/2023,2023,6,1.86,29
19/6/2023,2023,6,1.68,30.325
20/6/2023,2023,6,3.05,31.50434783
21/6/2023,2023,6,2.68,32.55652174
22/6/2023,2023,6,3.18,31.45652174
23/6/2023,2023,6,3.18,33.55
24/6/2023,2023,6,2.68,32.29565217
25/6/2023,2023,6,2.36,31.71666667
26/6/2023,2023,6,2.27,31.6875
27/6/2023,2023,6,2.59,32.37727273
28/6/2023,2023,6,2.73,31.97083333
29/6/2023,2023,6,2.91,31.85416667
30/6/2023,2023,6,2.5,31.64285714
1/7/2023,2023,7,2.05,29.9
2/7/2023,2023,7,1.18,30.16086957
3/7/2023,2023,7,2.05,29.80454545
4/7/2023,2023,7,2.82,29.69583333
5/7/2023,2023,7,3.14,29.25217391
6/7/2023,2023,7,2.86,30.3875
7/7/2023,2023,7,2.59,32.49166667
8/7/2023,2023,7,2.41,31.88695652
9/7/2023,2023,7,2.95,29.1
10/7/2023,2023,7,2.36,29.48333333
11/7/2023,2023,7,2.18,29.83913043
12/7/2023,2023,7,2.68,31.67083333
13/7/2023,2023,7,2.5,32.3826087
14/7/2023,2023,7,2.45,32.16956522
15/7/2023,2023,7,2.95,31.93043478
16/7/2023,2023,7,2.86,31.39565217
17/7/2023,2023,7,1.55,30.95833333
18/7/2023,2023,7,2,30.69090909
19/7/2023,2023,7,2.55,30.8125
20/7/2023,2023,7,3.32,30.77916667
21/7/2023,2023,7,3.05,30.97391304
22/7/2023,2023,7,2.73,29.08333333
23/7/2023,2023,7,2.32,29.30434783
24/7/2023,2023,7,2.55,30.51818182
25/7/2023,2023,7,2.5,31.3
26/7/2023,2023,7,2.64,31.96363636
27/7/2023,2023,7,2.41,32.26666667
28/7/2023,2023,7,2.73,31.2875
29/7/2023,2023,7,2.5,31.44583333
30/7/2023,2023,7,2.64,30.27619048
31/7/2023,2023,7,2.45,30.04166667
1/8/2023,2023,8,2.73,31.38333333
2/8/2023,2023,8,3.05,29.6375
3/8/2023,2023,8,3.27,29.40833333
4/8/2023,2023,8,3.55,28.79166667
5/8/2023,2023,8,2.86,30.00833333
6/8/2023,2023,8,2.82,28.23333333
7/8/2023,2023,8,2.73,28.33333333
8/8/2023,2023,8,2.77,28.975
9/8/2023,2023,8,2.91,29.5375
10/8/2023,2023,8,3.18,31.075
11/8/2023,2023,8,2.73,30.2
12/8/2023,2023,8,3.32,29.90416667
13/8/2023,2023,8,3,30.66666667
14/8/2023,2023,8,3.05,30.81666667
15/8/2023,2023,8,3.09,31.4875
16/8/2023,2023,8,2.86,29.95416667
17/8/2023,2023,8,2.77,31.525
18/8/2023,2023,8,2.86,31.75
19/8/2023,2023,8,3.05,32.675
20/8/2023,2023,8,3.09,28.45416667
21/8/2023,2023,8,2.5,27.73333333
22/8/2023,2023,8,2.77,29.79166667
23/8/2023,2023,8,2.86,30.24583333
24/8/2023,2023,8,3,30.52916667
25/8/2023,2023,8,2.82,30.32916667
26/8/2023,2023,8,3,29.91666667
27/8/2023,2023,8,2.45,30.26666667
28/8/2023,2023,8,2.45,31.0875
29/8/2023,2023,8,2.41,31.24583333
30/8/2023,2023,8,2.5,28.12083333
31/8/2023,2023,8,3.18,28.09166667
1/9/2023,2023,9,3,28.20833333
2/9/2023,2023,9,3.32,31.42916667
3/9/2023,2023,9,2.91,29.27083333
4/9/2023,2023,9,2.36,28.85833333
5/9/2023,2023,9,1.86,29.6625
6/9/2023,2023,9,2.36,27.27916667
7/9/2023,2023,9,2.91,28.51666667
8/9/2023,2023,9,2.32,28.425
9/9/2023,2023,9,2.45,29.79583333
10/9/2023,2023,9,1.95,28.5375
11/9/2023,2023,9,1.5,28.52916667
12/9/2023,2023,9,1.5,27.7
13/9/2023,2023,9,1.82,27.72083333
14/9/2023,2023,9,1.05,28.4125
15/9/2023,2023,9,1.23,26.58333333
16/9/2023,2023,9,0.91,27.40416667
17/9/2023,2023,9,1.27,27.20416667
18/9/2023,2023,9,1.95,27.55
19/9/2023,2023,9,3.27,27.75
20/9/2023,2023,9,3.18,28.77083333
21/9/2023,2023,9,2.45,28.725
22/9/2023,2023,9,3.09,27.47916667
23/9/2023,2023,9,3.36,29.04166667
24/9/2023,2023,9,3.59,29.49583333
25/9/2023,2023,9,2.82,28.8375
26/9/2023,2023,9,2.14,25.5875
27/9/2023,2023,9,1.64,25.98333333
28/9/2023,2023,9,3.27,26.10833333
29/9/2023,2023,9,1.95,27.77083333
30/9/2023,2023,9,2.68,28.25416667
1/10/2023,2023,10,2.64,30.69181818
2/10/2023,2023,10,1.5,
3/10/2023,2023,10,2.14,
4/10/2023,2023,10,3,
5/10/2023,2023,10,3.23,30.69181818
6/10/2023,2023,10,1.95,28.50052632
7/10/2023,2023,10,2.05,29.26272727
8/10/2023,2023,10,2.5,28.85541667
9/10/2023,2023,10,3.27,29.74541667
10/10/2023,2023,10,2.77,28.05375
11/10/2023,2023,10,1.95,28.9825
12/10/2023,2023,10,2.77,29.86333333
13/10/2023,2023,10,3.91,31.22041667
14/10/2023,2023,10,3.09,31.78083333
15/10/2023,2023,10,3.45,31.75625
16/10/2023,2023,10,3.95,30.56041667
17/10/2023,2023,10,5.05,30.74
18/10/2023,2023,10,5.64,30.59826087
19/10/2023,2023,10,4.27,29.62043478
20/10/2023,2023,10,5.32,31.68875
21/10/2023,2023,10,3.95,27.82875
22/10/2023,2023,10,3.09,29.25041667
23/10/2023,2023,10,4.23,30.17708333
24/10/2023,2023,10,4.77,30.53208333
25/10/2023,2023,10,4.05,31.01375
26/10/2023,2023,10,3.55,31.02208333
27/10/2023,2023,10,3.14,29.48791667
28/10/2023,2023,10,3.5,28.84166667
29/10/2023,2023,10,3.77,29.09791667
30/10/2023,2023,10,3.14,28.435
31/10/2023,2023,10,2.64,29.60541667
1/11/2023,2023,11,3.27,30.42833333
2/11/2023,2023,11,4.45,30.79583333
3/11/2023,2023,11,4.73,31.50416667
4/11/2023,2023,11,5,29.42708333
5/11/2023,2023,11,3.68,28.71666667
6/11/2023,2023,11,3.95,30.31166667
7/11/2023,2023,11,2.91,28.98130435
8/11/2023,2023,11,3.45,30.31625
9/11/2023,2023,11,3.59,29.13833333
10/11/2023,2023,11,4.05,29.70791667
11/11/2023,2023,11,3.5,29.5973913
12/11/2023,2023,11,3.18,29.271
13/11/2023,2023,11,3.23,30.61826087
14/11/2023,2023,11,2.68,30.79388889
15/11/2023,2023,11,2.73,30.83
16/11/2023,2023,11,2.55,29.695625
17/11/2023,2023,11,2.41,27.78736842
18/11/2023,2023,11,3.82,25.61285714
19/11/2023,2023,11,4.64,25.74727273
20/11/2023,2023,11,4.73,26.28777778
21/11/2023,2023,11,4.68,29.08294118
22/11/2023,2023,11,5.41,28.49615385
23/11/2023,2023,11,5.05,29.79882353
24/11/2023,2023,11,5,29.94227273
25/11/2023,2023,11,3.82,29.07125
26/11/2023,2023,11,4.55,30.02666667
27/11/2023,2023,11,3.36,29.5375
28/11/2023,2023,11,4.77,28.36416667
29/11/2023,2023,11,6.05,27.87791667
30/11/2023,2023,11,5.41,30.16125
1/12/2023,2023,12,3.86,28.22173913
2/12/2023,2023,12,3.14,28.14166667
3/12/2023,2023,12,3.09,28.875
4/12/2023,2023,12,3.32,28.07083333
5/12/2023,2023,12,4.55,29.07083333
6/12/2023,2023,12,4.05,29.80833333
7/12/2023,2023,12,2.77,27.37916667
8/12/2023,2023,12,3.91,28.7
9/12/2023,2023,12,5.23,29.63333333
10/12/2023,2023,12,6.55,30.02916667
11/12/2023,2023,12,4.91,29.86666667
12/12/2023,2023,12,6.77,30.22608696
13/12/2023,2023,12,5.05,29.17083333
14/12/2023,2023,12,3.64,28.9625
15/12/2023,2023,12,5.05,30.10416667
16/12/2023,2023,12,5.27,30.45833333
17/12/2023,2023,12,4.59,29.325
18/12/2023,2023,12,3.36,28.56666667
19/12/2023,2023,12,4.36,29.425
20/12/2023,2023,12,4.14,28.7375
21/12/2023,2023,12,3.05,26.6375
22/12/2023,2023,12,3.45,23.59166667
23/12/2023,2023,12,4.36,22.45
24/12/2023,2023,12,4.77,23.37916667
25/12/2023,2023,12,5.23,23.775
26/12/2023,2023,12,5.95,25.25
27/12/2023,2023,12,5.68,26.23333333
28/12/2023,2023,12,5.5,27.80833333
29/12/2023,2023,12,5.32,28.075
30/12/2023,2023,12,5.64,28.80416667
31/12/2023,2023,12,5.36,29.50416667
1/1/2024,2024,1,4.45,25.35
2/1/2024,2024,1,4.59,25.825
3/1/2024,2024,1,3.86,25.25833333
4/1/2024,2024,1,4.55,24.58333333
5/1/2024,2024,1,4.41,25.00833333
6/1/2024,2024,1,4.91,25.14166667
7/1/2024,2024,1,4.91,25.32083333
8/1/2024,2024,1,5.27,25.95416667
9/1/2024,2024,1,7.27,26.00833333
10/1/2024,2024,1,5.91,26.20434783
11/1/2024,2024,1,4.91,27.13333333
12/1/2024,2024,1,4.55,26.67916667
13/1/2024,2024,1,4.55,26.53333333
14/1/2024,2024,1,5,25.975
15/1/2024,2024,1,4.86,25.57083333
16/1/2024,2024,1,4.32,25.125
17/1/2024,2024,1,5.82,25.29166667
18/1/2024,2024,1,6.5,25.10833333
19/1/2024,2024,1,7.05,25.53478261
20/1/2024,2024,1,6.41,25.09565217
21/1/2024,2024,1,5.41,24.7375
22/1/2024,2024,1,5.77,24.45217391
23/1/2024,2024,1,6.36,23.6
24/1/2024,2024,1,4.59,23.30833333
25/1/2024,2024,1,4.41,20.05833333
26/1/2024,2024,1,5.14,22.57391304
27/1/2024,2024,1,6.14,23.56521739
28/1/2024,2024,1,6.73,24.71304348
29/1/2024,2024,1,5.73,23.8125
30/1/2024,2024,1,7.27,23.02173913
31/1/2024,2024,1,7.27,25.33913043
1/2/2024,2024,2,4.91,28.55
2/2/2024,2024,2,4.05,28.75
3/2/2024,2024,2,4.18,28.80416667
4/2/2024,2024,2,4.36,29.09166667
5/2/2024,2024,2,5.05,29.62083333
6/2/2024,2024,2,4.55,29.6125
7/2/2024,2024,2,4.27,29.075
8/2/2024,2024,2,4.05,28.8125
9/2/2024,2024,2,3.95,29.4125
10/2/2024,2024,2,5.14,29.05
11/2/2024,2024,2,5.59,27.34166667
12/2/2024,2024,2,6.86,26.52916667
13/2/2024,2024,2,7.09,27.30416667
14/2/2024,2024,2,7.5,28.97916667
15/2/2024,2024,2,7,30.1
16/2/2024,2024,2,4.91,30.35
17/2/2024,2024,2,4.18,28.95833333
18/2/2024,2024,2,3.59,28.66666667
19/2/2024,2024,2,3.41,28.35
20/2/2024,2024,2,2.86,29.0625
21/2/2024,2024,2,3.14,29.1625
22/2/2024,2024,2,3.23,29.19166667
23/2/2024,2024,2,3.27,29.36666667
24/2/2024,2024,2,3.41,29.9625
25/2/2024,2024,2,3.41,30.34583333
26/2/2024,2024,2,4.27,30.7
27/2/2024,2024,2,5.27,30.55833333
28/2/2024,2024,2,4.05,30.17916667
29/2/2024,2024,2,,29.51666667
1/3/2024,2024,3,3.73,30.20434783
2/3/2024,2024,3,4.32,30.0826087
3/3/2024,2024,3,4.32,30.63913043
4/3/2024,2024,3,4.09,30.57083333
5/3/2024,2024,3,3.91,30.5625
6/3/2024,2024,3,3.77,30.4375
7/3/2024,2024,3,4.41,30.75416667
8/3/2024,2024,3,4,30.40416667
9/3/2024,2024,3,3.86,29.5
10/3/2024,2024,3,3.32,30.31666667
11/3/2024,2024,3,5.14,29.77916667
12/3/2024,2024,3,4.5,28.69166667
13/3/2024,2024,3,4,29.22173913
14/3/2024,2024,3,3.73,30.0625
15/3/2024,2024,3,3.55,30.39130435
16/3/2024,2024,3,3.55,29.69130435
17/3/2024,2024,3,3.68,30.0125
18/3/2024,2024,3,4.18,29.98333333
19/3/2024,2024,3,4.41,28.67083333
20/3/2024,2024,3,4.73,27.025
21/3/2024,2024,3,6.14,28.81666667
22/3/2024,2024,3,6.41,30.325
23/3/2024,2024,3,3.59,29.82916667
24/3/2024,2024,3,3.59,30.2375
25/3/2024,2024,3,4,30.82083333
26/3/2024,2024,3,3.5,30.54782609
27/3/2024,2024,3,3.41,29.875
28/3/2024,2024,3,3.45,30.78333333
29/3/2024,2024,3,3.95,30.29583333
30/3/2024,2024,3,3.23,31.125
31/3/2024,2024,3,3.18,31.39166667
1/4/2024,2024,4,4.5,31.2
2/4/2024,2024,4,4.32,31.2
3/4/2024,2024,4,4.27,30.95
4/4/2024,2024,4,4,30.74166667
5/4/2024,2024,4,4.27,30.93333333
6/4/2024,2024,4,4.14,31.0625
7/4/2024,2024,4,3.68,31.47826087
8/4/2024,2024,4,3.45,31.74583333
9/4/2024,2024,4,2.77,32.225
10/4/2024,2024,4,3.5,32.0875
11/4/2024,2024,4,6.59,32.67916667
12/4/2024,2024,4,4.41,31.67083333
13/4/2024,2024,4,4.18,31.12916667
14/4/2024,2024,4,4.14,31.50416667
15/4/2024,2024,4,4,31.69130435
16/4/2024,2024,4,3.73,31.51666667
17/4/2024,2024,4,3.73,31.50416667
18/4/2024,2024,4,3.95,31.85
19/4/2024,2024,4,4.77,31.59166667
20/4/2024,2024,4,5.59,32.30416667
21/4/2024,2024,4,5.91,32.64347826
22/4/2024,2024,4,5.18,31.88333333
23/4/2024,2024,4,4.45,31.93333333
24/4/2024,2024,4,3.59,31.625
25/4/2024,2024,4,2.91,32.2375
26/4/2024,2024,4,3.14,32.0125
27/4/2024,2024,4,3.23,32.1125
28/4/2024,2024,4,2.86,32.175
29/4/2024,2024,4,2.64,32.4125
30/4/2024,2024,4,4.32,32.52608696
1/5/2024,2024,5,5.59,32.49583333
2/5/2024,2024,5,5.55,32.62916667
3/5/2024,2024,5,5.14,32.54166667
4/5/2024,2024,5,4.64,32.25
5/5/2024,2024,5,5.73,32.76666667
6/5/2024,2024,5,5.18,32.10833333
7/5/2024,2024,5,3.73,26.33333333
8/5/2024,2024,5,3.77,30.1125
9/5/2024,2024,5,3.32,30.49583333
10/5/2024,2024,5,3.32,30.74166667
11/5/2024,2024,5,3.23,29.775
12/5/2024,2024,5,4.41,32.42083333
13/5/2024,2024,5,3.41,28.3875
14/5/2024,2024,5,3.73,30.24545455
15/5/2024,2024,5,5.09,32.46956522
16/5/2024,2024,5,3.55,30.75833333
17/5/2024,2024,5,3.14,31.34166667
18/5/2024,2024,5,2.95,30.57916667
19/5/2024,2024,5,2.68,30.5625
20/5/2024,2024,5,2.91,29.975
21/5/2024,2024,5,2.55,28.5125
22/5/2024,2024,5,2.41,29.83333333
23/5/2024,2024,5,2.27,28.3875
24/5/2024,2024,5,2.09,29.07916667
25/5/2024,2024,5,2.27,30.0125
26/5/2024,2024,5,1.91,29.98333333
27/5/2024,2024,5,2.36,30.44583333
28/5/2024,2024,5,2.68,31.17391304
29/5/2024,2024,5,2.68,31.9125
30/5/2024,2024,5,2.64,30.95416667
31/5/2024,2024,5,2.36,29.3625
1/6/2024,2024,6,2,29.35
2/6/2024,2024,6,1.77,30.63333333
3/6/2024,2024,6,2.36,30.88333333
4/6/2024,2024,6,3.05,31.13333333
5/6/2024,2024,6,2.5,29.82916667
6/6/2024,2024,6,2.41,30.35217391
7/6/2024,2024,6,2.73,30.00416667
8/6/2024,2024,6,2.86,30.675
9/6/2024,2024,6,2.14,30.32916667
10/6/2024,2024,6,1.82,29.64347826
11/6/2024,2024,6,2.23,29.49583333
12/6/2024,2024,6,2.09,29.64583333
13/6/2024,2024,6,2.86,31.01666667
14/6/2024,2024,6,2.64,31.05416667
15/6/2024,2024,6,2.91,30.48571429
16/6/2024,2024,6,2.68,
17/6/2024,2024,6,2.59,30.025
18/6/2024,2024,6,2.86,30.42916667
19/6/2024,2024,6,2.82,30.41666667
20/6/2024,2024,6,2.36,30.55
21/6/2024,2024,6,2.32,30.2
22/6/2024,2024,6,2.14,30.5875
23/6/2024,2024,6,2.09,29.7
24/6/2024,2024,6,2.27,28.64583333
25/6/2024,2024,6,2,27.57083333
26/6/2024,2024,6,2.23,26.15416667
27/6/2024,2024,6,2.86,29.3
28/6/2024,2024,6,2.64,30.2173913
29/6/2024,2024,6,2.59,28.06
30/6/2024,2024,6,2.27,29.35384615
1/7/2024,2024,7,2.09,29.49166667
2/7/2024,2024,7,2.45,31.12083333
3/7/2024,2024,7,2.55,29.4375
4/7/2024,2024,7,2.68,27.33333333
5/7/2024,2024,7,1.95,28.09166667
6/7/2024,2024,7,2.77,29.79565217
7/7/2024,2024,7,2.41,30.325
8/7/2024,2024,7,2.41,29.49166667
9/7/2024,2024,7,2.68,29.125
10/7/2024,2024,7,2.45,28.4125
11/7/2024,2024,7,2.55,27.96666667
12/7/2024,2024,7,2.32,28.07391304
13/7/2024,2024,7,2.82,28.43333333
14/7/2024,2024,7,2.55,29.57916667
15/7/2024,2024,7,2.68,28.375
16/7/2024,2024,7,2.55,28.38333333
17/7/2024,2024,7,2.27,28.84166667
18/7/2024,2024,7,2.27,28.1
19/7/2024,2024,7,2.18,28.4625
20/7/2024,2024,7,2.27,27.79583333
21/7/2024,2024,7,2.68,27.8625
22/7/2024,2024,7,3.05,28.175
23/7/2024,2024,7,3.14,27.94583333
24/7/2024,2024,7,2,28.75416667
25/7/2024,2024,7,2.32,28.225
26/7/2024,2024,7,2.64,28.46666667
27/7/2024,2024,7,2.45,27.8875
28/7/2024,2024,7,2.05,28.2125
29/7/2024,2024,7,1.14,28.32083333
30/7/2024,2024,7,2.27,28.01666667
31/7/2024,2024,7,2.27,28.71666667
1/8/2024,2024,8,2.36,27.43478261
2/8/2024,2024,8,3.05,26.5375
3/8/2024,2024,8,2.73,26.76666667
4/8/2024,2024,8,2.59,28.84166667
5/8/2024,2024,8,2.18,27.08421053
6/8/2024,2024,8,2.77,28.86363636
7/8/2024,2024,8,2.41,30.4875
8/8/2024,2024,8,2.95,28.47058824
9/8/2024,2024,8,2.59,28.55
10/8/2024,2024,8,2.32,31.96086957
11/8/2024,2024,8,2.09,31.14166667
12/8/2024,2024,8,2,26.21052632
13/8/2024,2024,8,2.36,28.075
14/8/2024,2024,8,3.05,28.34705882
15/8/2024,2024,8,2.45,30.44736842
16/8/2024,2024,8,2.41,27.975
17/8/2024,2024,8,2.09,26.89047619
18/8/2024,2024,8,2.32,28.54210526
19/8/2024,2024,8,2.18,27.86666667
20/8/2024,2024,8,2.55,26.16111111
21/8/2024,2024,8,2.36,27.12
22/8/2024,2024,8,2.64,27.85
23/8/2024,2024,8,2.32,25.30625
24/8/2024,2024,8,2.68,29.19583333
25/8/2024,2024,8,2.41,28.45652174
26/8/2024,2024,8,2.32,27.025
27/8/2024,2024,8,2.36,27.35
28/8/2024,2024,8,2.14,28.1826087
29/8/2024,2024,8,2.23,29.55909091
30/8/2024,2024,8,2.59,29.45833333
31/8/2024,2024,8,1.36,27.95416667
1/9/2024,2024,9,2.14,30.65
2/9/2024,2024,9,2.32,28.26086957
3/9/2024,2024,9,2.45,28.075
4/9/2024,2024,9,2.59,28.1625
5/9/2024,2024,9,2.73,29.69166667
6/9/2024,2024,9,3,30.16666667
7/9/2024,2024,9,3,29.42916667
8/9/2024,2024,9,2.32,29.3375
9/9/2024,2024,9,2.27,29.32083333
10/9/2024,2024,9,2.45,28.95
11/9/2024,2024,9,2.36,28.5375
12/9/2024,2024,9,2.59,28.6875
13/9/2024,2024,9,2.82,28.3
14/9/2024,2024,9,2.77,28.1
15/9/2024,2024,9,2.59,28.65833333
16/9/2024,2024,9,3.23,30.74583333
17/9/2024,2024,9,3.82,34.02857143
18/9/2024,2024,9,2.77,30.92
19/9/2024,2024,9,3.32,33.99166667
20/9/2024,2024,9,2.45,30.59090909
21/9/2024,2024,9,0.5,29.63
22/9/2024,2024,9,0.59,29.62
23/9/2024,2024,9,2.82,30.8
24/9/2024,2024,9,2.68,29.16363636
25/9/2024,2024,9,3.27,30.96363636
26/9/2024,2024,9,3.86,33.29090909
27/9/2024,2024,9,4.32,33.75833333
28/9/2024,2024,9,3.55,34.1375
29/9/2024,2024,9,2.55,32.67272727
30/9/2024,2024,9,2.36,34.4
1/10/2024,2024,10,2.32,31.7
2/10/2024,2024,10,2,31.75
3/10/2024,2024,10,2.32,30.79090909
4/10/2024,2024,10,2.36,30.4625
5/10/2024,2024,10,3.5,34.03636364
6/10/2024,2024,10,4,33.17272727
7/10/2024,2024,10,3.23,33.97
8/10/2024,2024,10,2.5,32.88333333
9/10/2024,2024,10,2.86,31.31111111
10/10/2024,2024,10,3.77,31.76363636
11/10/2024,2024,10,3.36,32.71
12/10/2024,2024,10,4.14,32.84545455
13/10/2024,2024,10,3,31.88888889
14/10/2024,2024,10,3.36,34.18181818
15/10/2024,2024,10,4.18,35.10909091
16/10/2024,2024,10,3.64,30.36363636
17/10/2024,2024,10,4.18,34.25
18/10/2024,2024,10,3,34.02222222
19/10/2024,2024,10,2,30.675
20/10/2024,2024,10,1.23,29.38181818
21/10/2024,2024,10,2.18,31.31818182
22/10/2024,2024,10,2.59,34.13
23/10/2024,2024,10,2.86,32.67272727
24/10/2024,2024,10,4.32,33.21111111
25/10/2024,2024,10,5.41,35.40909091
26/10/2024,2024,10,3.36,35.64545455
27/10/2024,2024,10,2.91,34.93636364
28/10/2024,2024,10,3.14,30.91818182
29/10/2024,2024,10,3.5,34.43636364
30/10/2024,2024,10,3.09,30.33636364
31/10/2024,2024,10,3.45,33
1/11/2024,2024,11,3.45,28.86956522
2/11/2024,2024,11,4.27,28.52916667
3/11/2024,2024,11,3.95,25.8
4/11/2024,2024,11,3.95,25.71904762
5/11/2024,2024,11,3.14,25.34090909
6/11/2024,2024,11,2.86,25.35833333
7/11/2024,2024,11,3.5,26.17916667
8/11/2024,2024,11,3.73,26.29565217
9/11/2024,2024,11,4.5,26.245
10/11/2024,2024,11,5.82,27.33043478
11/11/2024,2024,11,4.77,25.66666667
12/11/2024,2024,11,5.45,27.07916667
13/11/2024,2024,11,5.64,27.48095238
14/11/2024,2024,11,5.32,28.97826087
15/11/2024,2024,11,4.09,28.66956522
16/11/2024,2024,11,3.82,27.87916667
17/11/2024,2024,11,3.45,27.29583333
18/11/2024,2024,11,3.45,24.305
19/11/2024,2024,11,3.32,26.17391304
20/11/2024,2024,11,3.32,27.38333333
21/11/2024,2024,11,2.91,26.1
22/11/2024,2024,11,3.59,25.81363636
23/11/2024,2024,11,3.05,25.99565217
24/11/2024,2024,11,2.82,26.59545455
25/11/2024,2024,11,3.18,26.26956522
26/11/2024,2024,11,2.86,26.29166667
27/11/2024,2024,11,3.05,26.11666667
28/11/2024,2024,11,2.82,26.90434783
29/11/2024,2024,11,3.14,23.15833333
30/11/2024,2024,11,4.27,24.25714286
1/12/2024,2024,12,5.41,24.00909091
2/12/2024,2024,12,6.05,24.675
3/12/2024,2024,12,5.77,26.33478261
4/12/2024,2024,12,5.05,26.29583333
5/12/2024,2024,12,4.14,25.15217391
6/12/2024,2024,12,4.32,25.54583333
7/12/2024,2024,12,4.5,26.24583333
8/12/2024,2024,12,3.82,26.9125
9/12/2024,2024,12,3.59,24.95652174
10/12/2024,2024,12,4.68,25.32173913
11/12/2024,2024,12,4.68,26.64583333
12/12/2024,2024,12,3.86,27.53636364
13/12/2024,2024,12,3.18,26.53333333
14/12/2024,2024,12,2.95,25.69583333
15/12/2024,2024,12,3.05,23.70833333
16/12/2024,2024,12,3.18,22.64166667
17/12/2024,2024,12,4.23,23.07826087
18/12/2024,2024,12,4.91,23.36086957
19/12/2024,2024,12,4.14,22.18333333
20/12/2024,2024,12,4.91,21.01666667
21/12/2024,2024,12,5.55,22
22/12/2024,2024,12,4.27,20.72083333
23/12/2024,2024,12,5.14,21.61304348
24/12/2024,2024,12,5.45,22.26956522
25/12/2024,2024,12,5.32,22.46086957
26/12/2024,2024,12,5.68,25.39583333
27/12/2024,2024,12,5.64,26.74166667
28/12/2024,2024,12,3.95,25.17083333
29/12/2024,2024,12,3.5,23
30/12/2024,2024,12,,22.7
31/12/2024,2024,12,,23.0625
